Trial,Mu_Option1,Mu_Option2,Mu_Option3,Reward_Option1,Reward_Option2,Reward_Option3
1,46.0190425589345,59.8370888905535,52.0747041565201,41.0028908948566,63.063400032843,36.1883560629528
2,46.1918153179532,60.2182631899484,50.3560056506528,54.6309162329394,50.8823788037188,47.1468995759896
3,46.1716375144512,59.7748794821852,50.9266742200935,40.6028700118536,60.9034313852244,59.2393063763425
4,48.052857374758,59.8780807026405,51.3530461530251,46.5131059228958,58.0546043193619,56.393942950757
5,49.546525277036,59.0771867866983,51.3323188420943,47.5450101995428,55.5957887359075,47.0725994559941
6,49.5598790897465,58.8126540514146,52.1209823583755,47.8320430910163,61.2091096609821,66.0134282076435
7,50.8732606048308,58.3562545830419,51.4357064632668,40.5974839144603,63.135274920058,48.8417542775043
8,50.832028792954,58.3887128379741,50.1640828531143,55.375165726306,56.9083443581277,45.2848262674165
9,51.0680724206707,59.4934759939737,49.2516893973965,53.982589182664,56.0295200054985,46.0026177630427
10,51.1694388777093,57.9439091188808,49.9337607446966,52.5181601637404,55.7865597609854,46.5231234856372
11,48.8153673261322,58.1333052768164,50.5113958100008,52.548833866443,58.9224105762348,55.0050507382886
12,49.7004910990302,57.7212779735808,51.9264375992902,48.878262964018,60.0990224836163,52.1752930111623
13,48.0885275177946,59.1211137129095,53.1946699831168,51.8982969090578,62.6335584417474,49.8057501442077
14,47.9602735689489,60.0443790890968,53.1263497294195,58.349843657049,57.1893855396714,58.2563573753572
15,48.5507835277129,60.0758697478201,53.3033018284514,47.9462106804232,55.6839684533464,55.7789458683254
16,48.8885386116863,60.8678196784936,53.1941117887543,52.2895752680875,55.3989685120712,44.8147424707782
17,49.5173040468163,61.7253580015373,52.4237695438394,47.7897491005575,63.5449654420048,49.7281469168536
18,49.9052968635562,61.1612102175441,51.2276651177548,52.1495718870368,59.4986329634951,43.8278438374429
19,49.7612172417197,60.0533637202862,50.3591486975913,47.7275348746823,65.080883789363,43.4895163811724
20,49.1651229844724,60.3049937964866,50.6045949960309,49.9883043930491,66.9401480919746,53.0572707719278
21,49.9614490060187,60.966408077748,51.6553170698677,51.1182229595787,61.1963427239909,45.7077238630422
22,49.9573980345082,61.8878036936918,49.7481423871339,50.2715397249068,63.6861239009024,45.2511196952466
23,51.6340978059157,61.0660333965802,49.4493226029994,53.9811584431493,64.9843340587071,56.4131846531597
24,51.1401234555665,61.9460204134915,47.2678633880984,54.1117786699591,69.0976819789982,46.7108459895563
25,49.1664266428638,61.994870645119,47.257325651818,54.3879863627551,59.375072141993,46.3852464195063
26,49.0128647072587,60.7896501784903,46.5985296270684,52.0369381143703,57.906285004448,44.880811976079
27,49.0468701264583,61.5492710573966,46.1345595894205,51.5207569835222,62.8459334042986,45.7848515114157
28,50.9148130396303,61.3756028474752,44.9545872134529,57.8642339191933,58.436651303006,38.5605955164117
29,50.9756565731159,60.7520485409639,45.2288998742574,53.7667635851843,58.6402001308592,50.359312068257
30,51.6107457050106,60.9668238204761,45.0600705429749,39.8682290648385,65.7583886177477,48.437017130454
31,51.9287728758967,58.9119234391749,43.7258289963902,50.3286350819523,61.1999326113116,37.3593092746609
32,52.4493531841229,58.2767213486856,43.1262326240673,46.615812442242,59.9073044145154,44.4918850594987
33,52.0543846090244,57.8277544106227,43.0149854455586,53.6062972612708,59.6755776625739,42.5837608939179
34,51.1817924733078,56.9951214198456,44.0632769278392,42.66652387051,56.7180186141515,42.5356586693999
35,50.9372423186398,58.2139799399104,42.7466993169876,50.9040838038857,59.3323633711042,42.2228788650658
36,50.5592227415878,57.4071102352618,45.3763333520374,52.2775022410906,57.108605901351,49.6539018329834
37,52.172906246314,57.6550700500778,47.0038321499306,53.6483822616621,49.23415185118,40.7568797774543
38,53.3498733725771,58.8951552830446,46.8028855790187,52.5917718663033,56.7231542011035,44.3985153582036
39,53.5564611535074,57.5439125710435,47.8690091835921,50.271904934389,61.4298799175826,52.8113729899583
40,54.5278685905647,58.0545516043498,47.9626357745965,57.4345749067842,53.003736114079,55.9669044792613
41,54.041014061891,55.733428929365,47.684537105368,51.8526829956811,61.3284146730458,46.2553139832905
42,54.9687799516869,56.4024951406527,49.3998749842503,58.0025303227602,60.031803299998,55.5444820756967
43,55.0758483629226,56.2674699375145,49.7600469731799,55.3986563925805,52.3490472014712,48.4812533367326
44,55.7981428224564,55.237953695337,48.9886169392783,53.0283416736887,58.3564452392554,50.2172684768766
45,56.1484134220644,54.8543793581339,48.9352091784345,56.752765993279,53.3758533276263,50.304009527642
46,54.7854560744987,53.5799435900788,50.484574696404,62.3356897401963,51.3879336755927,49.1350940174971
47,55.5975059928416,53.3214269529286,50.3797562978874,61.5198960699901,48.4218329497249,53.8938197562611
48,53.7010384642935,53.8342231665804,50.3226053924823,54.2393900937829,48.9384572907927,56.3281691806501
49,53.4086287378395,55.0220957226168,50.5018104521272,51.1607390209358,53.0005694328371,42.4780500850664
50,53.8709311900539,54.0098391771839,52.0324093412752,49.7711200470484,59.1816001014304,53.8595159725236
51,53.6907968578658,53.5075947424414,50.705706209889,50.877860517312,57.3705696259103,59.7575476064773
52,53.2290430069269,53.124954914114,51.6780331735606,55.0700979720249,51.7185787834821,46.0715922749146
53,52.6279626684711,53.8772544543799,51.478510187915,49.5677620624783,48.5430877679604,54.9504907746507
54,53.9431749195513,55.7815808896476,50.2145576833327,58.5326851131994,52.4446894792398,50.5978332138408
55,55.552335213184,53.549662886212,48.934211413972,59.4156080363927,50.7708360909042,40.4340551317641
56,55.6141089672468,52.2584069169304,47.2567675426945,63.2060120931278,46.014257280879,54.1154496389956
57,52.1391428669707,52.6258687868781,47.8082061868726,56.5566998273582,52.6123004712857,48.7582255130667
58,52.4029557050442,52.6266044167177,45.8643737296786,50.4306548918725,58.8718316922942,37.1249825513926
59,51.7943693688062,53.7080150777233,46.8679175521217,48.053318934959,63.7764092385723,48.6961996207341
60,52.5657156559152,55.7191886716104,46.8102349048027,44.0568966333761,54.540385668511,50.6685356587212
61,51.8106479098989,56.3389144326333,44.8477804070398,47.6040229587048,51.9123541680477,42.0601038936235
62,51.2570564774961,55.5161276091191,46.562366419757,59.7019380110598,48.425916056594,46.1298744958418
63,51.9916397154194,56.8558855269146,46.0501101465415,54.8056648266778,69.6347663411214,40.5844812527086
64,50.9870263036279,57.5462327510982,44.8070290234415,60.6004578650422,52.455176442143,40.3750899995131
65,50.9685136855476,58.6988069620875,44.6916859092349,53.5612789131199,56.1038491680381,43.3138912360625
66,50.596179083951,57.9099629730433,45.0807832303548,55.446640890862,54.7046560399338,40.6035858284277
67,51.8122465753912,57.217878996428,44.4440545225553,53.1031968389666,54.1840727062413,49.5352348023341
68,52.25284441973,57.2709462860098,45.4601891997341,55.7732528730373,61.9325722749056,41.8657135201549
69,51.3913388345664,57.3169157875025,44.5579268827216,48.4917655236127,60.5615671356048,47.0418700611646
70,52.0301091051565,56.3038447890727,44.1036525491921,63.663397238277,61.7082419541374,52.2233507073468
71,52.3560477939016,56.4374486238589,43.566078838652,59.5457941399615,55.0480148591454,53.2390341679827
72,53.1063653965679,57.3019331883405,44.8351658658155,58.0945315279879,60.3062939326215,38.4341728685724
73,51.7897466655546,57.1654009869541,43.3382209312272,54.9470247645302,57.8629598506113,43.2916214150153
74,52.4132452338267,56.7908052841762,43.1794412051623,50.2754778984359,65.0299519584802,50.3945843576242
75,52.6487748409008,56.8812817789244,43.2331443675108,50.3152412709823,63.9020086900264,46.6278294338506
76,53.0889567663247,57.7378667522567,42.7752988005731,53.6862212549212,59.057306306977,43.573602827962
77,54.0922916470717,55.8651317152469,43.5062748912094,48.6815850576358,48.299828076263,39.3754140447432
78,54.7565541916833,57.7778507490486,42.4958548316081,52.8834328948827,50.8840878278104,41.1159523697955
79,52.492853248527,56.9421716825292,42.7413514618103,56.6798046822109,59.2885693683777,40.0946079804312
80,52.0928221196506,56.1029388340906,41.3015117356824,57.9389906426139,45.6370279431247,42.3409315913223
81,52.5325415464508,55.2028385904308,40.3166988180053,49.4298460891256,45.9990957908867,44.1938250568873
82,54.0071918926607,54.3486157953642,40.4476861666852,41.8084262212078,50.2930903357638,47.4317021180838
83,54.1632136912315,52.5246067611762,38.6637550102842,54.713696891447,63.0554012972233,43.9833619158075
84,54.3015456355366,54.434355431575,39.0725619241078,61.5277131189495,50.5477908008054,36.2873060622383
85,53.2609467939484,55.3414557564473,38.8297523889473,46.8995949432443,50.0371205293616,42.1604150341419
86,51.8837044897109,55.4268189662789,37.8241567422697,46.1322924808192,52.9509557833354,38.0975625841817
87,53.1354737118213,56.0116071054077,38.3279364044366,43.1783877401369,56.3878156851577,38.8281319620057
88,52.7666458277632,54.6410809480843,39.0406152951875,48.180397899017,50.3226408933949,44.8501951012397
89,54.3050757490538,54.0872680321123,40.8783618269811,57.2203910919919,48.7610526119539,35.4762006056804
90,55.0588273858326,53.1654093663342,42.374980000999,50.6835901712354,53.6189623095597,44.4888130928953
91,54.8538267754828,53.9326109354547,41.8065147930807,50.4034888060436,53.4659660425787,45.1298514292424
92,54.4270219972838,54.7454024691872,42.0951358998002,57.7468937674189,57.0532649396352,39.8997757167346
93,55.8751275131285,57.1181543778179,42.4956104838943,55.1059477769469,54.2293307913504,44.9135324588492
94,57.2015856967131,57.8012715469868,43.8476779713138,61.3929783132331,56.9064187622601,41.9375260697598
95,57.1125979918646,56.8120894982465,43.2871475832225,54.38693115404,56.7249354951701,44.9750671490843
96,57.7601472539617,56.9358258891841,44.9029417839124,59.4706365165507,54.4518758689796,46.2687356382407
97,57.5715928560233,56.3070114120041,44.6003367243138,63.176158702328,56.5196828358812,48.4531445476924
98,57.9738833260418,57.938301367736,43.7439579371651,60.1156546440783,60.7501751734386,50.147230618445
99,58.0718213755777,56.3876123498995,42.7762491011374,56.9809861179035,58.796231327284,35.2292264109891
100,57.2461737985936,55.5331509577737,45.2290827837325,56.1591920951083,62.3381598697374,46.3999120906163
101,56.9111608706378,54.5450667489299,46.0257210840507,59.3332802803216,59.6705541644282,46.8445898386492
102,57.2406156871022,54.0056942260065,46.6120771837428,58.9539556645726,50.704190868161,45.9140293104769
103,57.9840868735375,51.7916829939365,46.7028971334752,53.8408294144879,57.0697540861059,43.002601608846
104,57.6746559800997,53.705503691482,46.2766691802164,56.5331866330938,58.5419070555335,41.7391671239349
105,57.6049979816536,53.4338964556249,46.4581235456201,56.790745592127,57.806312495376,44.9862916501415
106,57.979452103153,53.0062129242318,46.5247003944017,59.0286769261276,47.4939207291486,50.3488654489697
107,58.1525573638349,52.9585213941756,48.8549373501646,51.5977721338072,56.069678288116,50.5040861334794
108,58.5927976990967,53.3966319130655,51.1420780665213,49.9929708133316,48.9708703573591,53.1726994782075
109,58.4144492626513,53.0383612576161,50.9411834670585,65.2328643696931,56.2097121592491,54.0131627793965
110,58.467994304012,53.6624854411935,48.8374590958382,59.5033311208469,56.5401750550475,47.5188410127832
111,58.5566528652006,55.6680378013792,48.7827954946162,56.7987513112895,48.6977858104275,47.0503103781699
112,58.5840607969643,56.6771536645525,49.4677925249331,55.3535107927831,55.7984958310811,50.017309897283
113,58.775906880858,55.0785285913868,48.7008508419821,62.2070615400843,56.3071755453387,43.6727969422828
114,59.8705518915375,54.8931636429183,49.5798666379086,64.9361615460337,62.0546332232728,43.545348625676
115,61.0349968894805,55.7318670191654,49.2392866518746,63.2703024951277,51.74002380488,55.6267811621215
116,60.6979213451947,56.7679959251329,49.2614440758205,58.1727542671955,55.395857016962,51.4751103860135
117,60.8533610010247,57.6424907912435,49.8006666047295,61.4452152155484,46.2454479920851,47.7283878162122
118,60.4443039074753,56.5601116651372,49.6058992539937,60.6413315752108,50.9866799122874,41.5600661603506
119,60.9405345717177,56.6647177732699,50.2991417935629,60.3542350747356,61.6900715732911,47.5823926577715
120,60.362910317379,57.4759284103209,50.6575894801036,52.969085354996,64.5785121032166,48.8063339148079
121,58.9069710949689,57.7959821613513,51.7166122059609,54.1920214798844,55.8244538804314,52.8167506266708
122,58.1100097040873,57.9298605241672,52.1272525499047,58.4372486864257,53.7271291897381,57.8499888428682
123,58.7884461567815,58.2785209055898,48.6529434205828,51.8172722003651,66.4673584862899,37.5928816787635
124,56.8825537094467,56.8066916139864,48.4033105351174,49.3875517919772,51.9047523229161,45.8472950559533
125,56.5366149745831,56.6212835135769,50.4276924010505,48.9745439254412,57.3339300949756,47.0624004350141
126,57.2261289352119,56.8597013157882,52.3427010406266,54.7600853493037,64.2007285280122,56.8620196212725
127,58.2638600541376,56.5869140175359,52.304949441999,57.7546843959057,60.4530952333949,45.9740376011823
128,58.1480866280764,55.7634922360251,52.2422731666138,58.2177281741066,61.6892752602189,42.4417127606824
129,60.6715182355407,53.6892022655747,52.5845589971885,56.0405261995187,55.5031259348382,49.6698082887806
130,59.8676952009529,54.287836445476,51.6453491338265,60.5833627424773,53.7455036294415,55.4435115096611
131,60.2001384449194,54.8521122044156,50.6624403211584,61.3475465002741,61.0230815806947,50.3774323433791
132,59.091500406497,55.4887272894934,48.677212219492,55.033331220632,48.8191020391464,49.770229594598
133,59.5094734350847,55.6747957621665,48.0683438774907,63.7803236639259,61.0363118110863,47.3898540872079
134,61.4008012048621,55.5680573096284,48.2560031148336,65.6880351203625,58.6260452630804,43.0729312710668
135,62.0028626740509,57.1088644809147,48.082108316776,64.3817378056609,58.862167453269,54.0285182092372
136,61.6409272134478,56.671998953547,49.6001792348735,68.1509317179391,60.2438434549964,52.0680644087435
137,61.7158613857515,56.1953765725769,49.6762322564925,70.2872613118025,54.3526003083389,53.0840212324368
138,62.1562473139003,57.3970017225326,48.2063329253455,61.3634569620557,52.7372895447321,54.6309421455995
139,61.5723455406629,58.2191100537069,49.8275685835887,58.6191002275141,52.4080133739922,49.1821729772735
140,62.0098243327056,55.420203501934,48.6024157715237,61.4911416961605,66.3492294882374,36.5960011983375
141,61.598816177655,53.6521094948422,49.2495547149138,67.2599901207449,46.718265441438,56.4008722839816
142,61.4477395587381,51.8266939340501,48.7541831713247,65.7429211962565,59.0037835924601,44.8495547915925
143,61.8338245026022,52.2312185728242,48.9395848838543,60.9506196718901,52.7496760302711,49.9880526408789
144,62.2787683909925,52.4403376553392,50.3319647917688,61.2491034418684,55.2508541408231,54.2220018486557
145,62.265121954038,53.8909500735076,50.1513710073239,65.7019106052523,57.5720319852317,57.5807835081194
146,61.9992923504863,53.6026820791907,51.5840189042357,71.3826662185507,57.5381238378402,52.3090475691811
147,62.8001383832491,54.1052292487771,51.0582223169521,56.1602583362982,50.0878490213103,51.2747825830688
148,62.91863156557,53.4737601075943,51.5321136267867,63.41166281145,38.0911160038401,57.6383590488558
149,62.051249935579,54.6668535685789,51.1771981016391,65.592724176963,59.5104264357368,52.0554180316076
150,60.1829565790386,54.2160276705606,50.8657000504636,59.0217304582456,59.0163286949364,44.7119973129414
151,60.3048310006189,52.8713002461535,50.6441313502349,49.8903089863973,57.4316749503655,50.7809718376031
152,59.1824934050898,54.8340971151327,51.7430075291347,61.3500669007665,49.4349974544179,41.8567347020985
153,59.9133473022442,53.0779145224744,52.5867937635234,62.0173186575602,45.6640402195135,42.0806351933832
154,60.0143923791852,53.3844682390796,53.6853250801415,54.5620527689908,62.9792531663812,57.8602726367145
155,59.8899933700307,52.9060602854862,54.771696699455,58.5233142995147,52.1257153600703,59.7951788143459
156,59.2226153388781,52.2493526680653,52.6376244486179,58.5173504666495,51.4163557748126,50.8291514532095
157,59.7584902120376,51.3288077887253,53.2811498798993,51.2308257238427,45.2128283397905,56.3196721227181
158,60.0733461905165,50.6350952080172,53.6906475215383,63.0441399356328,50.8158449206596,53.1270877562403
159,60.6188741367525,49.7941434290786,52.7282733434674,59.3665518217224,48.6379820323334,53.9984878835029
160,60.8224628749686,50.4604497219519,52.6148799173128,56.5914120647453,53.5908466765371,52.0103378543331
161,61.8090933585425,50.5260656383993,52.1082052164594,61.1859163462517,49.4291765753013,55.6008766195982
162,62.6435383548487,51.7256121876029,53.2377647771342,63.2668348129141,52.5469907626635,46.8695441481892
163,62.1627612842758,50.734072922051,54.7444310195978,58.5740381073958,53.2663320321858,52.9254617182319
164,62.626449760223,49.2021136213508,55.292848721301,59.538036615486,49.7406041369916,48.4064413056384
165,62.309773859502,48.5808874834501,53.9980592902686,51.5036430717222,44.5895617211846,64.6238766992359
166,62.9452590457301,48.0086758231272,54.6387842573141,69.4259722729995,49.7986962910389,37.9465758380011
167,62.8964144137895,47.3418456796583,53.4652972483954,69.1001478181836,46.9916685812945,61.5695338352268
168,63.2599427967025,49.1096217735037,53.9547420733941,66.8752395445103,54.7849005685912,58.2334917624485
169,61.7967769134652,46.4761376648771,53.767067371776,66.4900585904386,43.4541870380484,56.6625987896714
170,60.5189629951031,45.2998835086269,54.1833459884616,62.0416858430676,38.4020335291311,56.6956677835699
171,59.6890407778547,45.0305939249915,53.3347122641085,66.7566602285901,48.181643587492,57.3531527258281
172,60.149733139571,46.4248516227256,52.1629090397751,52.5168911255983,45.8860947481085,56.3232741405288
173,59.4176112951683,46.7776375993472,53.1696649077177,54.9123752933045,43.284014074895,49.8681839191954
174,59.563912020559,46.6930347368432,53.4393269451075,63.2174960224721,46.1476366476338,58.9267251348248
175,58.0730380574474,45.6638450366795,52.3357031289481,68.3700159075775,38.8630475017373,48.7523415878517
176,58.958263103133,46.0771767399497,52.4525124915021,58.5325595588185,48.0976557210788,51.6718102670134
177,59.9673577922317,45.9185196767218,52.7652465688505,56.0510541133492,51.9373183869515,57.1280993128844
178,60.9788838183185,45.6952125294342,52.05125592178,63.0744551517132,52.9936155350077,54.4941053753092
179,62.0223509632784,44.694197082795,51.7228110761298,59.1924232951112,48.3327796084717,54.9726908570043
180,61.4088836834176,44.9487701678742,52.5867528962956,65.2652231820964,41.0178936578578,56.3131092137851
181,60.9008205708558,46.5648378826221,51.1063477917575,56.9979474607934,46.3489165160538,58.2634163162139
182,61.1054253554608,48.2435621712124,51.8647775886349,61.5927408852701,44.2911805780357,50.0210131175724
183,59.9956935429396,46.9290093016182,51.3239811728213,54.3532736498213,39.0324899968691,56.2394189513158
184,61.8525292636555,47.573888823626,51.3510806976791,66.6500763433061,47.6720527453363,48.1270784944286
185,62.5795385896476,47.4320987788817,51.8958079554882,57.8048643492175,41.9996982243897,49.1445592245762
186,61.7883973364024,49.2171594798908,52.7610227108952,63.8805754263702,56.0703427628859,59.8328897525258
187,60.0220796887326,49.0599837562813,52.7015676742646,58.1540147358417,52.0769896355528,55.7182307338154
188,57.6524864603316,49.8429724954632,52.9307003707871,60.3610097074353,49.8736583169639,46.1897609434918
189,58.1450036538771,51.3832062850957,53.2347999632559,51.8596978926198,55.1634638314151,58.1611996180566
190,58.1441765533241,52.7945339908089,53.3869357466262,66.0349196435562,52.9287917738539,47.852737964072
191,58.5828968370521,51.757674374014,52.1613078607548,65.474777008987,47.5918439559124,49.4134350605658
192,59.6438578771265,52.1685998842324,50.8572169321232,60.1050356736961,62.0342416124963,51.5485213878449
193,60.4191594867709,53.0316854070189,49.9386491198685,65.0752507345389,50.6368478552669,54.0855141053955
194,60.2192777966153,51.9621686598015,48.2807625803958,64.8797303026215,50.7751596695563,52.3459558930597
195,59.205172291568,53.0831465967211,49.0136239304633,62.5618596549528,52.5928515736573,55.440132548232
196,57.8057983905241,53.1982763440727,48.775583843534,53.0028563169066,51.8529128351175,49.6526984604342
197,57.6270982120387,53.1658330574999,47.2429868031287,59.8196386861024,55.9047488715308,44.6005575300794
198,57.6903601821594,53.0123596697011,45.7701113712115,60.5329196880756,57.7343685034452,51.5254262112403
199,56.587244135605,53.2117527832774,46.9407811733631,60.7550448083288,54.6470534763233,46.388507760535
200,56.0000289583193,54.0802488815878,46.821139465393,62.8352745383196,50.9010296156242,42.247548959644
201,54.8947802952046,54.8872833128509,46.1548223890069,57.2925820732709,55.4397557285446,43.9159313003322
202,54.5350839785867,55.2555841875678,46.3744477046497,53.5946876996374,61.8958111212599,44.1768229005595
203,55.3108297555345,53.7115100067082,47.2576078087119,55.3581190758613,54.0774390689201,50.276908754191
204,52.8384620765401,53.8859345399874,48.0340785352938,49.3635740260368,44.6695389958968,41.6740702735466
205,52.7384372754439,53.5250846617701,47.1070803210655,57.9133540206828,60.8101221498179,45.6848740178976
206,51.0163707732856,53.4516523666742,47.4451081151735,50.9056929340902,65.4195169838521,45.1534866593219
207,50.510956145119,53.3016192369475,47.9976702919756,46.6725120692615,62.1456477086768,49.532693463211
208,50.8538885448734,53.3476264618317,46.9145709867534,56.3508542863276,46.2365886433534,39.4793688999681
209,49.1640169992005,53.0697679852985,47.4843690368481,46.1184398881855,52.3196877055929,49.9858998667627
210,50.9842906642285,53.2595840281203,47.1797300476578,51.4464097660226,54.0288025216324,42.2101298493222
211,52.0538111915029,52.9048962142579,46.9003230022419,59.7254100639072,55.8330692189512,51.6461199554626
212,50.7646632642874,51.7275959198865,45.8830614093898,52.4601172509393,49.2038113020693,46.6867397657348
213,50.9458736064809,51.6996775217734,45.5802726644355,58.0825262101102,59.3035598569755,41.1377145043882
214,48.4600940748042,50.954009756228,46.9576777101268,47.844745663241,56.3651410267748,50.7865126586615
215,47.9268124345287,48.5868443560324,46.8548493286532,46.9076704469214,43.0033852215975,46.0998927348123
216,47.506470668973,47.4593419973521,47.1383265358044,45.9943640703874,48.8094222167956,46.0743692950947
217,49.5215093574514,47.692681425981,49.3575381958453,55.9333941146651,39.6508818135547,50.406756075845
218,50.4456857203117,47.0845510871645,49.516184722271,50.3040907602235,46.8201264455967,52.0907349175528
219,50.4081615635113,46.340925552481,49.5873608008482,52.4131314087108,43.741480218941,46.6052666600537
220,53.1963211012927,45.6618865810874,49.4681265789963,55.7760008906529,44.9359665408961,49.5427543966886
221,53.7104709938717,46.7984796952316,49.5977068896344,54.0639149631358,48.2606956092433,54.4431493080552
222,53.4076217620135,46.7487939873995,49.6560343596084,52.7986833271828,46.2624122247675,42.4547949053492
223,53.648070096911,45.3665138037559,49.8022707318222,51.0835785809342,43.4618588132672,43.4423128451551
224,54.4829660517169,46.3164237791018,47.911448223048,56.4892944938183,39.5177680807658,48.1114769557017
225,53.2592896339375,45.5759896321339,47.7960419544305,51.023753741709,41.835244615218,41.9257663973992
226,53.2322144531277,45.3541327337913,48.069960366879,49.894913414439,44.0107009976726,46.3886138153155
227,52.6170372735401,45.3307935236339,47.1794187238264,50.4725991921241,46.0470295175257,36.3293627734143
228,49.5411675953473,44.9234560913585,49.6623470274173,47.2054819348722,42.5994791800581,54.4519618527563
229,49.3258648756329,45.0929390290469,49.1266404849712,52.9622156281965,46.3391189521367,33.9069704193431
230,50.0400572057791,44.8880125999863,49.3022068503438,51.118232348025,42.8564907321141,53.3043666337991
231,49.134171919687,47.2604113315543,50.1227314064263,42.0288033777867,48.0329082522237,49.9216991592563
232,50.1142835774908,45.5832449955033,49.8371831329818,45.8874182500211,43.6472087365854,53.3323065145716
233,48.4716974222185,45.8302019408891,51.0822400043813,45.7795385905446,51.0935610752279,49.478512795282
234,46.332596129729,44.9702783888859,51.804618857676,54.4004816673182,40.8326585571216,46.2232185586418
235,45.8079927901063,44.9357136242138,53.2929099737083,39.1044992643893,50.263025850122,53.9502127790285
236,44.4303934450076,43.753122750646,53.8258536910613,35.1659812341238,43.5201094904869,52.8367543424573
237,43.3954828641566,44.3111727547019,53.9772531594139,43.5296297589401,53.5024975356187,55.8504398911257
238,43.919441331845,46.3791932196607,54.409744547857,40.6181746770442,51.7357188285763,58.2070301589799
239,44.9104123919285,47.168363095018,53.7411939144628,45.6102772056514,41.7923342045194,55.5552936600099
240,44.9245380351862,47.5420607751639,54.1720261135999,40.011040434653,45.0402951301656,58.3473808228068
241,46.1707161178646,48.2435169880763,54.6480374846662,49.5766160760799,43.7798541621029,56.0206549561057
242,44.8546131353512,47.5101773948684,54.5347014881137,40.7723066598409,47.6447036764014,51.9085899235531
243,45.2649704338048,47.1547372336053,52.623397735185,50.5952846316985,44.6699240413043,50.6503565404485
244,45.8862838479426,46.0777574664664,51.8441606576622,38.4287396500167,42.9463631455825,50.4156672196434
245,47.8132957829513,44.806214125247,53.1869423507089,53.2375506724598,46.3384789106065,51.9430333555014
246,47.5172863427568,45.5268095461321,53.5294421305887,62.4987543441066,53.4192024454961,56.241342932504
247,48.3373595410635,44.9379550944612,54.2456137304639,51.6733213857979,41.4025527652744,51.0716793104281
248,48.7661766580848,44.6142642495658,53.7115956030387,45.6917351321403,47.1228766495953,54.7011065236989
249,47.2775345027199,45.7184899381315,55.8744794161543,45.6070830445824,45.3658667828425,64.4496040593367
250,48.2523496220451,46.3831735941589,55.5387783039566,53.1932241772594,44.5806981386523,50.0116578477326
251,47.9862906470632,47.4387723078196,56.0314453046265,56.8438850294033,44.708485804521,64.4559711429808
252,49.3117080189342,47.3253924905931,54.0820500193156,49.6362377055474,46.7059751913711,47.2342750842246
253,48.9148195325312,47.2241036752251,53.4817682332393,48.0431918200661,46.3755814254976,56.8717851514918
254,48.5196220953076,47.6320963259942,52.8399911639544,46.8795940121704,53.2931759971411,53.4456864678978
255,50.7279708917165,48.3105134111883,53.7689810047255,38.1186357548082,50.6740030226116,58.0927539094564
256,50.6661988811264,48.3317885568187,53.6315281924053,53.0767954380542,38.9960185027809,58.1154462527317
257,51.8950213276864,48.8374924542534,52.6866608905909,52.5280369231099,43.508739633232,59.9677669139899
258,49.9890435349174,48.4010908889957,52.7725613354471,48.9172653188109,48.8519218390912,51.5187500009219
259,50.0775245423944,50.1920994110207,53.1616966975434,48.0546754406671,48.2257161463739,58.0749348468615
260,48.6669202515484,49.2290181909136,52.7214512427371,44.3896562035473,49.3289968274956,53.0080895685924
261,47.3434858213266,50.480189936281,52.0561141252731,47.9131326704304,53.3514672744285,56.0129160398948
262,48.4086739461885,51.8228809016746,52.9612235094574,41.0858147351038,61.7627661713942,59.1436009087063
263,47.527078539801,52.8500067723188,53.0239580180896,54.9371829994587,42.342922517744,55.6801401200782
264,47.0212855109355,54.0505139557983,53.2212274682115,36.9522217678324,53.6882109383655,60.5996771706626
265,49.8323673037094,54.0759911626073,52.9812855540768,56.6560181523703,49.8207842811083,48.9607126744384
266,48.7637343681149,53.2663139725387,51.9997854483109,55.5827470545459,52.4911945284324,52.9893068423599
267,47.3466765114261,53.1482621333623,53.09119388814,50.0162734353971,46.1215018742302,60.0588239912082
268,47.1677280106766,51.9992220605178,52.9659069778968,50.0041120067853,53.3011488961047,54.0178645854121
269,46.4773432695546,51.3057667935818,52.8249029590592,36.5316276431623,56.8387091344137,57.5084282709441
270,44.6355630185972,51.7275947231211,51.609234886037,40.4318251564152,57.614407291539,48.1740418068636
271,44.6783111521118,52.0501059342331,49.8323992885004,43.4981357513727,48.7589419482221,44.9013073271844
272,44.2001193299427,53.723892269836,51.1659588075123,43.0543730750778,53.5159696651202,48.2674580828532
273,43.8618539996923,53.464482083407,51.3943121689545,47.6615776942376,50.9231993455479,56.6316770415513
274,45.0452054504969,53.1386800281377,49.969210981774,36.6428356781326,54.3005491513872,51.4023930634
275,45.8923371277934,53.1547302056159,49.1225065780816,49.2381075295169,49.1663577854662,42.7669881557201
276,45.8303869518304,53.0574907194561,48.5239480804357,41.1349909318633,55.8730144733631,39.6474333786083
277,45.9962447613819,53.7266538468032,49.7131196999474,36.6944362879079,58.4598606038627,45.2246594183443
278,46.387542348255,51.9068601985257,49.9511248536648,44.197538659755,51.816574758147,53.5833229105527
279,46.4114680118228,52.4019687910822,49.3677758486364,46.4647886761778,49.1672745183611,50.7842672753692
280,47.7657244709138,50.9884542083475,49.4330027611201,57.7339022251472,44.671724027195,53.7532599068156
281,48.2309968636427,51.5665040220796,48.0110343457456,45.2690582351564,49.0460173065172,37.6491581959365
282,48.0258458514208,51.1295141223048,47.5359590047358,45.0309719549494,43.2661677422455,37.2623478787977
283,47.3296530365568,49.0990299010446,49.3117839452242,52.6168963128846,48.2345737739864,49.6322081227006
284,48.1167231556374,48.4156034424295,48.9185510395517,52.3816255781936,44.6477113767634,58.7830981692524
285,46.6537964885703,49.6046205538709,49.5422086028467,52.7992585252224,45.1392815986117,52.8011313932347
286,47.4238307496967,48.0105378700447,49.7694433309093,51.7981035158123,50.3539776723235,46.4379490565046
287,48.5640157652859,47.595825700833,47.8539726324794,50.5929864717908,51.6548494736461,46.7100384366158
288,49.1712458897325,47.9306039225478,47.3956783954397,48.0155590163774,59.6365476728962,46.0704598334537
289,48.0640443587257,48.9887528022173,46.6280469837247,52.3099799607651,42.590060784398,45.0510578217682
290,47.9957407686241,49.3796292298815,46.0199715405493,48.8512449544314,46.8789537309787,43.0817810091597
291,46.6182874278793,48.9280683590695,48.2726372273851,54.0050988072337,47.1107053221957,43.9021419625535
292,46.6684613764593,49.2017712950399,48.5187094754456,47.5363669525329,50.9108770243456,44.9690243219938
293,45.1911668768898,46.8992867976348,49.5094677736268,39.8239255682665,50.2972420834794,38.7474624094617
294,45.9708021203749,45.4430670652024,52.855017706115,41.8012208460065,43.6771043885982,50.8013218445482
295,45.1242644665886,45.7333514787553,53.6792189882083,48.3750006445603,39.1012713830573,48.563887453406
296,45.0606081851023,44.8328542955254,52.7807028325565,46.1726158750308,35.8600563744367,51.8361147669124
297,42.9903729151914,44.3536355200359,53.3055128273867,46.4584502879564,42.2066235879669,47.2379882670372
298,42.0511361229852,44.3617837436546,52.0640766239283,44.6997758636553,46.4227471042192,55.3317766593011
299,42.0608897216198,46.2397615092468,51.6081475434429,43.1292964630545,47.9981636118988,48.9095881827378
300,42.523715324222,46.3973501674268,51.6786322049757,38.3778303867937,51.8354799948064,59.0124031332335
301,42.8332628479092,45.8306998866469,52.9027640271345,36.0313785741907,51.1987601721165,59.5721506404923
302,40.9461430695692,47.9651645087726,53.9924247145,48.16673653621,45.5800783604531,49.7701236086269
303,41.6756606018911,48.8142353882876,53.3044672556756,48.3887215535741,39.8719310138029,47.6611987254618
304,41.7113520250471,48.018569782015,51.8907724030562,39.548586418767,59.2313901176148,40.1451038112352
305,43.3212337551089,47.0258245574127,50.7269191283484,50.3392962510426,47.1804374634291,57.6628242200796
306,42.4330081341273,47.6318769209174,50.242951516083,47.7326234755414,46.7258329737727,57.9400674395629
307,42.4500036182011,46.5045392517176,50.6242599441637,40.2990115304162,42.1730228717424,42.0225097347102
308,42.7636027439341,47.4378497417079,51.2921008305254,45.9482814922703,49.4144389919921,49.0661042237061
309,43.4795946169567,48.1207699455701,52.1938881412997,46.9875544795414,55.4825267483417,53.5358265018315
310,43.9084072484512,49.394351460197,52.5122110224597,43.4517517338025,53.7142013210842,48.5289842778424
311,44.0127194405044,47.9704836485666,52.0382809478239,41.955782619043,50.4911943787775,49.3821214869091
312,43.5961444517053,47.7856295327096,51.4107120982041,40.1022251661278,51.7687929009518,49.5570012990294
313,44.2966550721523,48.7597728712371,50.1719127854899,49.9344040537697,43.4633122076156,49.3324472808821
314,45.8810236288413,49.773088026102,50.0776353660075,50.8298741773325,53.2574546290031,43.1769811766241
315,47.0331763165694,50.0857387595855,49.5823128630157,58.3470904234087,53.5205102836412,50.6358815109291
316,48.312242166202,49.0624436692418,50.552124367036,47.3423349678691,53.7217964284041,45.7503524954412
317,49.0404284888998,49.0945940682754,50.5599293765067,53.3036836550653,46.1183763053081,53.2264828082041
318,47.8235301501251,48.8189867164866,50.2088615236852,43.6604375119971,47.0492335822286,42.3841070522527
319,50.3869041511861,48.7012476209976,50.5054986876491,59.1250889402488,53.7006420616665,37.9069459027856
320,50.8766683823891,49.3783934904644,49.7034779612297,59.1134807128887,47.1997940683888,51.0433997097049
321,51.1162130474704,50.8591070661898,48.8008338448138,45.0779591143558,50.2462399560192,43.224647361405
322,49.695260353844,50.2844200319141,48.9382638514964,49.522483114914,45.7311388161544,56.0241867190178
323,50.6124556892807,48.9429944938209,48.2466782146241,52.8883964583998,41.2436667128633,48.4404515570222
324,51.3594720206589,49.6117186000005,47.1062080938633,51.5389998848079,44.4951619116526,53.5256298175061
325,50.0551717664884,50.5800477594533,46.5650399964265,37.5088155198155,46.3726547284224,48.1087037743562
326,51.0288617529127,50.4696962759561,47.6883533663725,52.5922936541217,45.9875188450664,44.6146800013055
327,50.8135854823699,50.0477389441857,46.9323595193438,53.8849935085276,47.9195950988952,52.3321852760536
328,49.3682068720525,48.2135337624962,47.50752118862,44.9262904258237,48.4731953278563,48.7449291376965
329,49.4280243311378,46.6901019850788,45.982702241417,43.1924163145869,43.9564461797417,49.1902522599149
330,49.9805852619842,46.2749140093693,44.0092993301126,54.6335203684115,52.3710297231944,48.3929431863926
331,49.25859202193,47.1424184731946,45.1944161302937,42.7297254830088,42.6253453583984,42.7946289390175
332,48.9339236137094,46.4359086632639,46.1922030916741,49.5727190349914,45.2195525480791,42.5672603354247
333,47.3762994850696,47.7907472945028,47.7046240886089,46.931324650498,57.5686900944828,49.0378992397002
334,47.3100635988374,47.2303142671134,48.4581614706746,44.3864754498796,46.7566084521473,43.625667139312
335,47.3792038192589,47.7654729246232,48.1191622932912,36.0053482380991,50.6057051729178,49.9320546704552
336,49.8621867866589,47.4592978461049,47.2051239038814,49.2691812628336,50.0593442154665,46.2553761041581
337,49.6943760001038,46.5105318849471,46.7089853221174,50.1306454038088,43.4443486563678,44.9055557894042
338,49.9049111050603,46.422456818929,45.4390329360878,51.7423717815329,48.9105762304848,40.1810844004498
339,50.7471915295372,45.9709011816274,45.8116095840005,56.0851931619249,43.9789695551814,47.7943363045993
340,51.9461994339846,46.6654983650477,47.0660822407128,53.6028234132024,44.4476022396654,50.0885899196474
341,50.3715824878828,45.6523479960356,47.4502206873884,56.4424820966529,47.4074104502287,44.2521571906532
342,50.7979044655382,44.7677139972277,48.8331934008988,54.1029472157572,43.2456328220694,45.1564025215008
343,50.2605410850421,45.3439750174206,47.9998504730941,57.2224037202145,48.6353955683531,50.256648602541
344,50.3487604777503,44.643213438959,48.8499930551722,59.5646431960315,43.8984864082399,55.2933469492328
345,49.9587757692961,44.2895720955886,46.2740845769136,60.1374339637555,35.9083609296822,45.2553649920673
346,50.3222421654246,43.3160853492376,47.2909456518476,49.7316268844646,47.4790879343713,40.3002564355085
347,50.4988478584808,44.8327617064038,48.7608768158596,48.7183542712619,37.7429939480772,41.0896461342854
348,50.3060185294032,45.8784666431479,49.2421090874221,45.5554708307574,44.4080708925135,54.6217240449094
349,50.1642512204564,46.4382993327118,48.8031143224762,48.5593158904006,49.359787777352,55.6061621538534
350,49.4356705259668,47.4414847297234,48.796034260455,56.5600293273774,52.791903635716,51.9645611779367
351,48.992232810763,46.6949468298112,48.4640176288328,48.3050915399991,46.9930767269955,46.0086683709867
352,48.5270589930907,46.396651323667,48.8301893063362,53.977637916824,44.6729469027688,52.9840241348575
353,49.4712708613808,46.5325363973444,49.3474179220102,52.1707986994874,53.7404476852943,51.6817957459571
354,49.1048307450264,46.4746264978944,48.8571613779045,47.9672808210769,52.4017556958136,52.9734932672951
355,46.1555969839731,45.3657339180333,49.705569460525,50.311343544563,42.6079281485107,48.3060930046168
356,45.7090499385048,45.2661215610649,50.0200465991038,41.1520365960983,52.2717525255245,49.3474546843831
357,47.5900534037762,44.8279761934028,52.5389792088016,53.4229065017919,51.0976066962742,46.5172197982152
358,47.1868248144667,45.9113279176105,53.1763850411232,42.9848952869483,45.0194367895592,57.4347759622929
359,47.1472453605704,44.0460860321487,53.9687949615218,45.8820971409423,44.4839371390055,48.4139919259631
360,47.2721841949796,44.1407628432656,54.2913862742834,51.5046135100291,52.5053859415296,54.1409075834736
361,45.7485295069094,44.4326750279972,53.9898620330044,40.8320083096438,37.9575875007,53.8083432732359
362,46.1892043456553,44.1164910440599,53.2986543326055,42.6077042993965,38.3606016731122,57.2844533545513
363,47.9261564285442,43.2989499823326,51.7945086789524,49.8702333058237,50.2788828331454,41.2429162432378
364,48.354683447417,43.8637692734166,54.2242490610203,49.5478983642368,44.6090681504009,57.4009124273302
365,48.7281557668779,43.2241830736353,54.5522239279964,47.5302585619093,48.8505586122635,57.5882318397349
366,48.1264092579651,43.5988900417808,53.2396412800264,47.8817586812934,55.8784270254819,50.3693841684146
367,47.2910602135663,43.8770380852424,53.2366441418507,50.4693592691111,42.7750327317283,55.4874962779882
368,45.4167903650589,44.2827464948412,52.5048095832144,49.1844547470472,44.9220078233884,51.4363015662841
369,46.327480096334,44.9348839149058,53.5139421107851,50.0202095777545,47.1085856184557,47.238373506513
370,46.0163882981234,44.3399897517523,54.344696750557,48.7618242259943,44.3170427047243,51.724087626712
371,48.221942331766,43.8954421045193,54.651021850447,47.5045694298742,43.8324534708219,55.8095428644747
372,48.2958186487754,44.2348771167438,53.4166980520141,48.5351153222202,47.5051564195727,56.4801347726384
373,47.4668966820524,45.0697651469925,52.4706681383656,50.903412279046,42.4335190402394,40.7073547543627
374,44.7570856930483,45.3168016877009,53.5378038349387,37.451651219988,44.0965346167388,43.9195939339137
375,45.5525972979212,44.836608372123,51.7480995741372,51.5497678128673,47.8218457795485,55.8473317658696
376,44.9486557506382,43.6265070263728,51.7335328614724,45.968559147402,34.3035299085687,47.1162800646432
377,45.1441668440055,43.8472737658599,51.0232408292034,38.7026782934079,47.0136310204661,41.8002156182742
378,46.223088500254,43.8809311824924,50.5097603463288,42.922100426564,42.0671299246062,52.7540267087857
379,46.2212770608575,41.9790440470056,50.0161974875174,42.4998079500505,44.1380672296922,57.1605141877892
380,47.5448635635611,42.3477079858178,50.0297889299995,43.0486976178085,43.602316981234,53.7260700623765
381,48.2613641796246,44.2059875514861,51.0749909055382,47.5722039527516,34.9256987276273,56.6632870385954
382,49.8990757608279,44.6839038950557,51.068260668392,49.187985313768,46.2906917379846,49.5685665345173
383,49.6109977770872,45.6451072287264,51.2905052600117,55.0442657675432,45.9819810868004,49.9360372309756
384,49.7287098788724,47.0621644735288,51.1985244565924,49.8388121087336,43.2625279696095,50.6005777677489
385,50.2264751221334,46.4181796491054,51.0140033425167,51.1537687956383,46.1048114347272,44.044123748042
386,50.6927210193977,45.7442535618928,51.1121556401442,53.8906407920921,31.834748101659,49.1724846567953
387,50.178974073043,48.1725001932933,52.1012886442767,48.7245484993727,50.024605312144,55.9224789021821
388,49.8521701416378,48.920559190784,51.5125984949114,51.3555171234552,49.3048695509779,56.0552169349774
389,49.3816225216417,48.7272616826099,52.0764684946958,51.2446357255041,48.0454420073062,50.7465692803395
390,50.0455111702745,48.0391957745884,52.4672052892259,60.1959579533733,52.3586785594067,56.1440101569954
391,50.1261560905002,47.0783326152739,53.2334066928949,48.161972314433,52.3507871684737,54.1501890717161
392,49.8899493874789,45.2119494279513,53.1464477535256,42.6706363132141,55.9503145190562,48.5504115411693
393,49.7770890315594,43.8995506211655,52.4694077286223,57.8094405590069,45.204160030509,52.3892932032812
394,49.3287620786044,43.9496985523176,52.9713980340942,47.8534791964695,38.8920994891241,58.6828806429474
395,49.6331157161438,43.0763972389734,54.8711610369096,57.6661644697517,45.4857897939645,60.4584844513522
396,49.9299904401509,43.4881798297544,54.769570505443,41.4329994526554,38.0593621557454,52.2578210527017
397,49.0145073453767,42.3714776006297,54.4590406128993,48.9858019277649,48.8514456640918,55.0482841153592
398,49.5635252269742,43.2173697152382,54.4423704951234,48.0307053254203,39.7052872365301,48.8723442198713
399,48.9252724491861,45.2714433261305,55.105686099682,41.0645982294171,40.9238434533163,54.8485717096503
400,46.308444189498,45.4811381969762,54.4917339789259,45.3876319584879,50.5677167167025,55.2776098408791
401,46.6875794360896,45.3065977920035,54.975318779939,41.7560755897909,47.8352118340336,55.5415529520577
402,44.5455964336328,45.1170858520184,55.5902352165811,46.4610095020345,53.3289684128155,60.0540001816695
403,44.5619663419628,45.5281504734353,51.9109552819688,42.2525389949007,42.3264164298417,48.8605983024177
404,44.9514903854381,45.9129528028309,52.6584566028625,49.978394752931,43.8989948454859,53.6249719323093
405,43.9491565982798,45.8275330985652,53.0027510423937,45.0670940767725,43.0389206442392,52.8203887595196
406,45.0154805913772,45.5375114846813,53.69477398974,43.3813642693454,46.0114612006062,56.4423471129944
407,45.5010198367775,45.602096848255,54.3725798279755,45.5671180841503,41.8922616352693,56.4611481539151
408,45.084359583557,46.6522510547259,54.6078837998435,48.1816451847027,44.2186235380617,53.6957987574145
409,44.7781778394824,46.1266600206949,56.1139096540633,42.9257619325645,45.7485160344549,54.2601403127601
410,46.5243943097948,46.0811112696579,55.7569939120327,49.1685780204847,47.9422859681443,56.0951953682019
411,47.1626329479601,45.5696533859486,55.093645341071,48.6403384914359,47.0855323269546,60.4640653038714
412,47.1795315988358,46.1888666897767,53.9272979481679,52.0847826551655,40.2419649743849,56.1138656991102
413,46.7210806609099,45.7711388669471,55.1335474700804,48.4130525493933,46.6036039256301,57.2158918017137
414,45.5306853246409,46.3419102845806,53.6006287422742,47.5630646035359,43.6574561910015,52.7789864798741
415,45.0395120216425,47.5191181852445,54.9025595459702,41.4255559154916,52.7148167794468,59.7187206782108
416,45.221625158698,48.9889403496474,53.8359475520216,53.0679021564988,47.4826217750619,53.9663171895261
417,45.2415121517938,50.7968050380231,53.7607325429936,36.6808176832326,51.1890535871397,43.9101838162275
418,45.8408040886695,50.9704824085674,52.9380228987153,48.6916630152075,45.6708741945538,55.0071487355256
419,46.3311410598438,50.4602109392484,53.3148271473277,50.1102937238006,46.1667952974027,37.0717825683989
420,46.3752284574559,51.670313542518,53.8681082961081,53.3199866622692,47.2270310709351,47.8538388178468
421,45.9013573317376,51.5909997636891,55.234008673667,53.5537502569599,52.8627972284335,56.3477825520993
422,45.4268690772383,51.2259558338625,55.0393899317624,43.3732698597536,45.0960068725204,47.7696911715054
423,45.423819739978,52.2698490544492,54.842437054114,38.1920961933676,44.312392798637,50.6728485347652
424,46.8387396514947,51.8281018417238,55.9820964521958,47.1178161608524,49.2921946047518,55.3645196746718
425,47.0425490838439,53.142457175332,55.3638977217689,44.1895629299245,50.3766775118643,56.4345178281633
426,47.8873630062905,52.9863697936939,55.6214754462393,41.973857170455,57.9821055148735,59.0047873201925
427,46.8032062089992,53.0589699586487,55.6172521542988,50.2432066410019,54.0312983427942,55.9709136897273
428,46.0290213935139,54.2807993068881,56.179790101443,49.0889535873476,49.5770881619972,53.9801027240313
429,44.2547676309905,54.3636010438531,56.6686469942781,40.408009229739,56.6611585915136,55.8791482093133
430,42.6751407727173,54.3354685730908,55.4566578227504,36.7945360090532,53.5744168920442,50.4558341738621
431,42.6523449111033,55.4577653221293,54.8731919407205,41.1380628278463,57.0372821350976,57.8055029153919
432,42.7002696368935,55.526828138067,54.234851153333,35.4708362752768,66.8545937353027,59.5296832179035
433,41.853353402714,55.744997064335,54.7017693222011,38.6285678141375,54.6119066961975,53.2903763696343
434,41.9207494678094,55.2615069753642,55.659444396015,42.4219246446315,56.372633682175,47.2082984621285
435,42.0885603744941,55.5743424443168,53.5873445371924,38.5276226906554,56.5898799985304,55.7454009010969
436,42.2892634990218,55.6857752804605,52.7996551601902,30.6655298175522,55.119390660931,46.7941754600621
437,42.0164506158365,56.3808312676852,55.5592433209279,42.6802787518344,59.5233121708003,51.1851295850123
438,42.959001783995,56.1179311280918,55.7123246766763,48.7062634844692,46.5251981927612,58.7891131944111
439,43.8301049999089,56.8171681797246,54.7116098240288,43.5091371114524,56.2828632775166,49.2250554161553
440,42.6346995353162,57.6055145611716,54.709571711355,48.7442468493338,61.2084330779385,58.0556330911063
441,41.9122331115174,56.866995354477,54.173779898115,34.36734054437,53.4493016753679,55.1529096526059
442,41.6483891564817,55.8223757097758,53.1845470641603,38.7086480087493,54.2029279090024,44.0234265767422
443,42.0199173099704,56.4979654306979,52.6818528457258,40.9459167013888,58.6821469196946,51.7427542095538
444,40.807812242431,56.8112740818058,53.1550184262772,39.0013629457336,63.543311110414,58.2430079272057
445,40.5188708158074,56.2503745631022,53.3742117430294,42.9816667033801,61.8507889171288,59.0748767785474
446,39.2161094894473,56.2254868481389,53.3520014387381,30.997253006543,65.7831763097006,46.7903047018226
447,38.8697843671073,56.0115192723288,51.8147951632155,37.9960746975488,55.6731633018776,59.2559008827338
448,39.5979046993024,56.7878489355353,49.9252202008564,35.9054630704543,51.6399573883931,43.2307758353272
449,40.4139860734373,54.250375078636,51.6019576500651,38.9815801080516,54.6225860859995,57.3241668270362
450,40.6556690656402,53.9635048279272,51.7156617975194,41.196869067593,47.0888746408846,60.3335110445122
451,40.767912090462,54.1993140460922,50.6674231781396,50.9038555151393,55.7241355086588,48.369258011609
452,40.0188948084782,55.9608961984256,50.5032128380414,36.560688742903,50.7887159575742,66.844570439526
453,39.1888715456159,55.9639051239574,49.7815987365318,44.1404968397232,58.3116333619854,46.4332864531036
454,39.1347977810617,56.1389010117867,47.7412570615221,42.0688989257649,53.2280921325841,52.2969563611981
455,38.3903624614633,56.8352235393015,47.7331891764382,40.6145830113673,56.5964900731549,50.2413019867297
456,38.7138457535042,56.0957692464229,46.7095308073218,37.1581494276,58.1920583546076,40.2931911114333
457,37.9260668405897,54.7505351251084,48.2342453510075,40.2630856479877,50.743761646262,49.4079924604199
458,37.3831759482494,56.1247379437779,49.0760126680039,39.5622234777883,56.1178327407185,48.8763393022106
459,37.8159992357695,55.1078806343699,49.957137093671,39.1043078005443,51.7210647310378,53.7734576711745
460,36.2412990672974,55.0646600122603,51.7423052496509,44.5004273535974,42.6953142766596,50.9272411415408
461,35.9611410179636,54.0278422474699,51.1121438509385,38.7345578467518,54.1462961905816,47.8987227182852
462,36.9281630234307,54.6144485333964,52.6288659645255,37.8521055738351,50.7223180748246,52.8802264787989
463,39.0098144260675,55.5527044402176,52.4538129353009,35.4056641027064,54.9179514634076,54.5263933008621
464,39.106222573049,54.6157719044989,52.3555192247954,43.0029109865522,63.8906615999575,45.0471927669677
465,38.2451930776157,53.5947493430922,51.3310301740763,30.4122812427673,52.4296022407858,49.2432878869189
466,39.3913974232462,52.2048993257658,51.119708401343,37.1752528821865,48.031788782314,47.514697144314
467,39.9835931671713,53.7623220773886,50.7613537868795,38.3874163788971,58.282249314532,52.4781205008786
468,40.9214109577786,53.432789714351,50.4324833063722,36.4926954606148,52.9553564254655,46.9838201158978
469,40.9054107596646,52.0684025192519,51.0064044003585,37.8396673832471,45.4451015908093,51.5667465668725
470,41.6045420946461,51.9505513491549,49.7155377094582,37.8028026045669,49.1461862585614,51.1640929956297
471,42.4808555083084,52.3026914589252,49.9642659053169,42.5273067319079,57.0319150218904,47.5800053821461
472,43.320213284465,51.7613529402097,50.8250102099409,39.1052834439963,50.3365913275198,46.3151463973479
473,42.6484763923395,51.205288312792,51.7751710340375,34.7262276320777,47.7639706851081,50.7921700585661
474,41.4507898928478,50.2020173789384,52.4385485655719,32.2367006131916,49.6258873128759,49.7446686049399
475,41.8621767171487,49.8041451758389,54.6801781367623,38.8885929406798,55.4619382806137,60.6724637058533
476,42.3745226258509,50.811796931482,53.8488406410079,40.4086157019144,52.199131726729,56.1738489963321
477,43.8331554570775,50.6873283621707,53.0354926473265,46.1054772696645,50.1826562014279,46.9540424139215
478,45.44817845468,50.4393287738566,52.7308535223314,53.7512529709884,45.3317262362591,52.5976412367386
479,45.7899561627212,53.0277892867399,52.4681267798466,56.9503976402813,50.2234563957931,45.4428130555497
480,46.1112719955045,53.7082572903822,52.9416457658924,46.257839181029,48.6039667475797,49.8877193128918
